{
  "lgb_roc_auc": 0.9573881234671678,
  "lgb_pr_auc": 0.9176084697313288,
  "xgb_roc_auc": 0.95721575347211,
  "xgb_pr_auc": 0.9172884053198791,
  "cat_roc_auc": 0.9566861268018716,
  "cat_pr_auc": 0.916300097819223,
  "if_roc_auc": 0.6062405605257932,
  "if_pr_auc": 0.4223685593053217,
  "test_size": 10000,
  "train_size": 34000,
  "attack_rate": 0.31696,
  "data_file": "unsw_nb15_demo_50000.csv"
}
